outlet_id,brand,district,depot,dock_type,parking_constraint,mall_window,window_open_time,window_close_time
OUT001,Fresh,Colombo,Peliyagoda,street,van_only,,03:00,08:00
OUT002,Fresh,Colombo,Peliyagoda,street,van_only,,03:00,08:00
OUT003,Fresh,Colombo,Peliyagoda,street,van_only,,03:00,08:00
OUT004,Fresh,Colombo,Peliyagoda,street,normal,,03:00,08:00
OUT005,Fresh,Colombo,Peliyagoda,street,normal,,03:00,08:00
OUT006,Fresh,Colombo,Peliyagoda,street,normal,,03:00,08:00
OUT007,Fresh,Colombo,Peliyagoda,street,normal,,03:00,08:00
OUT008,Fresh,Colombo,Peliyagoda,street,normal,,03:00,08:00
OUT009,Fresh,Colombo,Peliyagoda,street,normal,,03:00,08:00
OUT010,Fresh,Colombo,Peliyagoda,street,normal,,03:00,08:00
OUT011,Fresh,Colombo,Peliyagoda,street,normal,,03:00,08:00
OUT012,Fresh,Colombo,Peliyagoda,street,normal,,03:00,08:00
OUT013,Fresh,Colombo,Peliyagoda,street,normal,,03:00,08:00
OUT014,Fresh,Colombo,Peliyagoda,street,normal,,03:00,08:00
OUT015,Fresh,Colombo,Peliyagoda,street,normal,,03:00,08:00
OUT016,Fresh,Colombo,Peliyagoda,street,normal,,03:00,08:00
OUT017,Fresh,Colombo,Peliyagoda,street,normal,,03:00,08:00
OUT018,Fresh,Colombo,Peliyagoda,street,normal,,03:00,08:00
OUT019,Fresh,Colombo,Peliyagoda,street,normal,,03:00,08:00
OUT020,Fresh,Colombo,Peliyagoda,street,normal,,03:00,08:00
OUT021,Fresh,Colombo,Peliyagoda,street,normal,,03:00,08:00
OUT022,Fresh,Colombo,Peliyagoda,street,normal,,03:00,08:00
OUT023,Fresh,Colombo,Peliyagoda,street,normal,,03:00,08:00
OUT024,Fresh,Colombo,Peliyagoda,street,normal,,03:00,08:00
OUT025,Fresh,Colombo,Peliyagoda,street,normal,,03:00,08:00
OUT026,Fresh,Colombo,Peliyagoda,street,normal,,03:00,08:00
OUT027,Fresh,Colombo,Peliyagoda,street,normal,,03:00,08:00
OUT028,Fresh,Colombo,Peliyagoda,street,normal,,03:00,08:00
OUT029,Fresh,Colombo,Peliyagoda,street,normal,,03:00,08:00
OUT030,Fresh,Colombo,Peliyagoda,street,normal,,03:00,08:00
OUT031,Fresh,Colombo,Peliyagoda,street,normal,,03:00,08:00
OUT032,Fresh,Colombo,Peliyagoda,street,normal,,03:00,08:00
OUT033,Fresh,Colombo,Peliyagoda,street,normal,,03:00,08:00
OUT034,Fresh,Colombo,Peliyagoda,street,normal,,03:00,08:00
OUT035,Fresh,Colombo,Peliyagoda,street,normal,,03:00,08:00
OUT036,Fresh,Colombo,Peliyagoda,street,normal,,03:00,08:00
OUT037,Fresh,Colombo,Peliyagoda,street,normal,,03:00,08:00
OUT038,Fresh,Colombo,Peliyagoda,street,normal,,03:00,08:00
OUT039,Fresh,Colombo,Peliyagoda,street,normal,,03:00,08:00
OUT040,Fresh,Colombo,Peliyagoda,street,normal,,03:00,08:00
OUT041,Style,Colombo,Peliyagoda,street,normal,,08:00,18:00
OUT042,Style,Colombo,Peliyagoda,street,normal,,08:00,18:00
OUT043,Style,Colombo,Peliyagoda,street,normal,,08:00,18:00
OUT044,Style,Colombo,Peliyagoda,street,normal,,08:00,18:00
OUT045,Style,Colombo,Peliyagoda,street,normal,,08:00,18:00
OUT046,Style,Colombo,Peliyagoda,street,normal,,08:00,18:00
OUT047,Style,Colombo,Peliyagoda,street,normal,,08:00,18:00
OUT048,Style,Colombo,Peliyagoda,street,normal,,08:00,18:00
OUT049,Style,Colombo,Peliyagoda,street,normal,,08:00,18:00
OUT050,Style,Colombo,Peliyagoda,street,normal,,08:00,18:00
OUT051,Style,Colombo,Peliyagoda,street,normal,,08:00,18:00
OUT052,Style,Colombo,Peliyagoda,street,normal,,08:00,18:00
OUT053,Style,Colombo,Peliyagoda,street,normal,,08:00,18:00
OUT054,Style,Colombo,Peliyagoda,street,normal,,08:00,18:00
OUT055,Style,Colombo,Peliyagoda,street,normal,,08:00,18:00
OUT056,Style,Colombo,Peliyagoda,street,normal,,08:00,18:00
OUT057,Style,Colombo,Peliyagoda,street,normal,,08:00,18:00
OUT058,Style,Colombo,Peliyagoda,street,normal,,08:00,18:00
OUT059,Style,Colombo,Peliyagoda,street,normal,,08:00,18:00
OUT060,Style,Colombo,Peliyagoda,street,normal,,08:00,18:00
OUT061,Style,Kandy,Kandy,street,normal,,08:00,18:00
OUT062,Style,Kandy,Kandy,street,normal,,08:00,18:00
OUT063,Style,Kandy,Kandy,street,normal,,08:00,18:00
OUT064,Style,Kandy,Kandy,street,normal,,08:00,18:00
OUT065,Style,Kandy,Kandy,street,normal,,08:00,18:00
OUT066,Style,Kandy,Kandy,street,normal,,08:00,18:00
OUT067,Style,Kandy,Kandy,street,normal,,08:00,18:00
OUT068,Style,Kandy,Kandy,street,normal,,08:00,18:00
OUT069,Style,Kandy,Kandy,street,normal,,08:00,18:00
OUT070,Style,Kandy,Kandy,street,normal,,08:00,18:00
OUT071,Style,Kandy,Kandy,street,normal,,08:00,18:00
OUT072,Style,Kandy,Kandy,street,normal,,08:00,18:00
OUT073,Style,Kandy,Kandy,street,normal,,08:00,18:00
OUT074,Style,Kandy,Kandy,street,normal,,08:00,18:00
OUT075,Style,Kandy,Kandy,street,normal,,08:00,18:00
OUT076,Style,Kandy,Kandy,street,normal,,08:00,18:00
OUT077,Style,Kandy,Kandy,street,normal,,08:00,18:00
OUT078,Style,Kandy,Kandy,street,normal,,08:00,18:00
OUT079,Style,Kandy,Kandy,street,normal,,08:00,18:00
OUT080,Style,Kandy,Kandy,street,normal,,08:00,18:00
OUT081,Tech,Kandy,Kandy,street,normal,,08:00,18:00
OUT082,Tech,Kandy,Kandy,street,normal,,08:00,18:00
OUT083,Tech,Kandy,Kandy,street,normal,,08:00,18:00
OUT084,Tech,Kandy,Kandy,street,normal,,08:00,18:00
OUT085,Tech,Kandy,Kandy,street,normal,,08:00,18:00
OUT086,Tech,Kandy,Kandy,street,normal,,08:00,18:00
OUT087,Tech,Kandy,Kandy,street,normal,,08:00,18:00
OUT088,Tech,Kandy,Kandy,street,normal,,08:00,18:00
OUT089,Tech,Kandy,Kandy,street,normal,,08:00,18:00
OUT090,Tech,Kandy,Kandy,street,normal,,08:00,18:00
OUT091,Tech,Kandy,Kandy,street,normal,,08:00,18:00
OUT092,Tech,Kandy,Kandy,street,normal,,08:00,18:00
OUT093,Tech,Kandy,Kandy,street,normal,,08:00,18:00
OUT094,Tech,Kandy,Kandy,street,normal,,08:00,18:00
OUT095,Tech,Kandy,Kandy,street,normal,,08:00,18:00
OUT096,Tech,Kandy,Kandy,street,normal,,08:00,18:00
OUT097,Tech,Kandy,Kandy,street,normal,,08:00,18:00
OUT098,Tech,Kandy,Kandy,street,normal,,08:00,18:00
OUT099,Tech,Kandy,Kandy,street,normal,,08:00,18:00
OUT100,Tech,Kandy,Kandy,street,normal,,08:00,18:00
OUT101,Tech,Kandy,Kandy,street,normal,,08:00,18:00
OUT102,Tech,Kandy,Kandy,street,normal,,08:00,18:00
OUT103,Tech,Kandy,Kandy,street,normal,,08:00,18:00
OUT104,Tech,Kandy,Kandy,street,normal,,08:00,18:00
OUT105,Tech,Kandy,Kandy,street,normal,,08:00,18:00
OUT106,Tech,Kandy,Kandy,street,normal,,08:00,18:00
OUT107,Tech,Kandy,Kandy,street,normal,,08:00,18:00
OUT108,Tech,Kandy,Kandy,street,normal,,08:00,18:00
OUT109,Tech,Kandy,Kandy,street,normal,,08:00,18:00
OUT110,Tech,Kandy,Kandy,street,normal,,08:00,18:00
OUT111,Tech,Kandy,Kandy,street,normal,,08:00,18:00
OUT112,Tech,Kandy,Kandy,street,normal,,08:00,18:00
OUT113,Tech,Kandy,Kandy,street,normal,,08:00,18:00
OUT114,Tech,Kandy,Kandy,street,normal,,08:00,18:00
OUT115,Tech,Kandy,Kandy,street,normal,,08:00,18:00
OUT116,Tech,Kandy,Kandy,street,normal,,08:00,18:00
OUT117,Tech,Kandy,Kandy,street,normal,,08:00,18:00
OUT118,Tech,Kandy,Kandy,street,normal,,08:00,18:00
OUT119,Tech,Kandy,Kandy,street,normal,,08:00,18:00
OUT120,Tech,Kandy,Kandy,street,normal,,08:00,18:00
