vehicle_id,type,temp,weight_cap_kg,volume_cap_m3,fuel_type,km_per_l,weekly_fuel_quota_l,depot
VEH001,truck,reefer,5000,25,diesel,5,400,Peliyagoda
VEH002,van,reefer,1000,8,diesel,10,400,Peliyagoda
VEH003,truck,reefer,5000,25,diesel,5,400,Peliyagoda
VEH004,van,reefer,1000,8,diesel,10,400,Peliyagoda
VEH005,truck,reefer,5000,25,diesel,5,400,Peliyagoda
VEH006,van,reefer,1000,8,diesel,10,400,Peliyagoda
VEH007,truck,reefer,5000,25,diesel,5,400,Peliyagoda
VEH008,van,reefer,1000,8,diesel,10,400,Peliyagoda
VEH009,truck,reefer,5000,25,diesel,5,400,Peliyagoda
VEH010,van,reefer,1000,8,diesel,10,400,Peliyagoda
VEH011,truck,reefer,5000,25,diesel,5,400,Peliyagoda
VEH012,van,reefer,1000,8,diesel,10,400,Peliyagoda
VEH013,truck,reefer,5000,25,diesel,5,400,Peliyagoda
VEH014,van,reefer,1000,8,diesel,10,400,Peliyagoda
VEH015,truck,reefer,5000,25,diesel,5,400,Peliyagoda
VEH016,van,reefer,1000,8,diesel,10,400,Peliyagoda
VEH017,truck,reefer,5000,25,diesel,5,400,Peliyagoda
VEH018,van,reefer,1000,8,diesel,10,400,Peliyagoda
VEH019,truck,reefer,5000,25,diesel,5,400,Peliyagoda
VEH020,van,reefer,1000,8,diesel,10,400,Peliyagoda
VEH021,truck,reefer,5000,25,diesel,5,400,Peliyagoda
VEH022,van,reefer,1000,8,diesel,10,400,Peliyagoda
VEH023,truck,reefer,5000,25,diesel,5,400,Peliyagoda
VEH024,van,reefer,1000,8,diesel,10,400,Peliyagoda
VEH025,truck,reefer,5000,25,diesel,5,400,Peliyagoda
VEH026,van,reefer,1000,8,diesel,10,400,Peliyagoda
VEH027,truck,reefer,5000,25,diesel,5,400,Peliyagoda
VEH028,van,reefer,1000,8,diesel,10,400,Peliyagoda
VEH029,truck,reefer,5000,25,diesel,5,400,Peliyagoda
VEH030,van,reefer,1000,8,diesel,10,400,Peliyagoda
VEH031,truck,reefer,5000,25,diesel,5,400,Peliyagoda
VEH032,van,reefer,1000,8,diesel,10,400,Peliyagoda
VEH033,truck,reefer,5000,25,diesel,5,400,Peliyagoda
VEH034,van,reefer,1000,8,diesel,10,400,Peliyagoda
VEH035,truck,reefer,5000,25,diesel,5,400,Peliyagoda
VEH036,van,reefer,1000,8,diesel,10,400,Peliyagoda
VEH037,truck,reefer,5000,25,diesel,5,400,Peliyagoda
VEH038,van,reefer,1000,8,diesel,10,400,Peliyagoda
VEH039,truck,reefer,5000,25,diesel,5,400,Peliyagoda
VEH040,van,reefer,1000,8,diesel,10,400,Peliyagoda
VEH041,truck,reefer,5000,25,diesel,5,400,Kandy
VEH042,van,reefer,1000,8,diesel,10,400,Kandy
VEH043,truck,reefer,5000,25,diesel,5,400,Kandy
VEH044,van,reefer,1000,8,diesel,10,400,Kandy
VEH045,truck,reefer,5000,25,diesel,5,400,Kandy
VEH046,van,reefer,1000,8,diesel,10,400,Kandy
VEH047,truck,reefer,5000,25,diesel,5,400,Kandy
VEH048,van,reefer,1000,8,diesel,10,400,Kandy
VEH049,truck,reefer,5000,25,diesel,5,400,Kandy
VEH050,van,reefer,1000,8,diesel,10,400,Kandy
VEH051,truck,reefer,5000,25,diesel,5,400,Kandy
VEH052,van,reefer,1000,8,diesel,10,400,Kandy
VEH053,truck,reefer,5000,25,diesel,5,400,Kandy
VEH054,van,reefer,1000,8,diesel,10,400,Kandy
VEH055,truck,reefer,5000,25,diesel,5,400,Kandy
VEH056,van,reefer,1000,8,diesel,10,400,Kandy
VEH057,truck,reefer,5000,25,diesel,5,400,Kandy
VEH058,van,reefer,1000,8,diesel,10,400,Kandy
VEH059,truck,reefer,5000,25,diesel,5,400,Kandy
VEH060,van,reefer,1000,8,diesel,10,400,Kandy
